user_id,is_active
361240ad-fe30-46ef-a373-eb1eb19f91bf,False
e6b52ede-c657-4b3a-a0d0-6a07e2bf5519,True
fc71227a-43c5-4012-adfe-b04ea315100b,True
91cfa276-c6a3-495b-850c-1c413f48f06f,True
c2d76cc5-4591-4c02-918f-237850e86364,True
cd8c2280-192f-403b-9e2e-abb6db18bcf8,True
700fdd49-94e9-4215-a22d-93f47a6e72a3,True
5671c1e7-2c36-4c24-bd9d-bc3e44a04285,True
07f3b44b-e11e-4c90-a86a-f6b16a058494,True
7faf9029-82dd-4582-abec-e150196ec5ce,True
030fdf09-b882-439f-9862-2ed8a2ebbf4a,True
1265dd69-02bb-4ba3-89ab-93948b4e96f0,True
dae64441-e812-4ef3-953e-90984cacf186,True
09235d39-19d8-40a7-90c4-c37c9222c555,True
95448941-7e43-44d0-aaf8-91301922c753,True
d44d8f2f-8207-4fa7-88ac-86942a9df53c,True
b99a9ba6-4215-427e-ba31-65197136c62d,False
452e8980-8425-46db-8bb0-8fc39fb29a3e,False
1e2b8409-1188-4c23-8f46-51552776f41e,True
db78c35e-e8bc-40f3-b764-a321bf54188e,True
ba251d38-76f1-4904-bda5-8a56910783cf,True
15392aff-aa25-4f7c-877a-1412dcaa20ff,True
548bb261-1ec9-4557-8a95-12ebb2db34ac,True
9fc26c97-43b4-4955-8f38-6c858b011246,True
2e958bee-4478-487c-a227-cbc589980794,True
0b21e271-40f9-46ef-b84c-e35c6b53794a,True
734536bd-802c-4141-9ec4-be9385ec6190,True
b48a3895-4a1e-4a11-9cef-fd170f044d70,True
eb9aa70b-503d-4bd6-a63f-7d0441a64d2e,False
35f5f367-6651-4f99-8071-16b0852431f9,False
986d742d-723c-4e3c-8896-10499c09177a,True
90e4ddb4-9867-4e9a-a6bd-09a87e4b4127,True
6583c74c-e110-45f9-973d-fbf264c6013f,True
bfce84a8-6d06-4467-b5e7-376d673a5aa1,True
04952042-f994-4230-8c9a-4738f75e7d37,True
d04c804c-debb-4754-b2bb-6851856840d4,True
95cfa2fa-a6be-4fb6-ae81-99716a2e9c9c,False
492e518a-d97f-4f59-8a40-b0d709f9946f,True
104286f3-3002-4842-b5fe-f1ccdf21e291,True
60f62f12-ff17-45f5-bd96-d75bb43597bf,True
55fe98a4-14b3-4250-b1c2-a207371b9187,True
8c5fb685-4281-47e9-84bf-f44d2cdae701,False
5285791a-34b0-4389-bbca-7c5b2d3ce4f9,True
6d858f58-8d2d-4fda-8e16-982776cfeeb9,True
ab2956f1-7027-46a7-86aa-ab57d653e81b,True
9418af5a-5214-435a-bd7f-dd9ae6f09b07,True
c7a25136-5502-4f6d-8506-b99967ea9e1f,True
8d799ce0-7282-4359-be41-a8f9ceaf20d2,True
89dcdeb7-a6b1-477c-a860-02c3fa3eee08,True
c72e90d2-9082-4e59-808c-9af813084745,True
47615e2a-7e0d-4e93-8ce7-adc30dd27164,True
3f287f72-dbf7-42ec-9f73-49188ea961b2,True
5e881a29-4925-4a20-8c84-61070d960042,True
3af7ae33-ca8d-4b5c-86d3-fc14c73e3da5,True
cb1fb941-b081-44b4-affd-b14dc978f99d,True
a198ffb4-f1a5-42be-ba9c-3893758163ed,True
52d463e1-9df7-4310-9001-924002237ebc,True
1ddade6c-5b30-411a-bb77-075a5a1a6f69,True
eb3a5813-84d4-4eaa-a9a0-ccccae0b85c7,True
1e57e30f-0d22-4e8d-93c7-2757c3cca2cf,True
4294cb26-7543-4318-a634-d5621887d892,True
6ff4a511-30df-4daa-b486-fafaee2b01a9,True
a45a24ec-ad31-4b59-bfea-d91f6b3a53e6,True
e6386160-f1a9-46a2-8843-34814d0a0eb5,True
1290b791-4aa5-40d8-acda-9f1a05ddeabe,True
e80a3d8b-2b18-4549-bea1-47277be15e82,True
1ce73da5-2779-4d43-8da6-b0f573e7a25d,False
7673a358-0d38-4151-bc34-8c6abad0bff6,True
a46c5da3-96ee-4c64-bcdd-a4564b5f2f59,False
4c6ded57-1a3c-4d1a-9647-5617b062ce92,True
7632b410-c7c9-41c3-90d7-0588fad71cab,True
5b7fb871-ce88-4c0d-91dc-c9a158f1a5c5,True
d1a612e9-eddc-4e8b-8815-5c7984904d21,True
5aed391a-1eda-4120-b65c-058c66afc8cd,False
cf6510e1-dd31-40ac-9dd4-7bd7f8b94fd3,True
a222564d-cd7f-45c3-80db-eb02de26a82f,True
3ee2a97f-f0b4-4761-97a5-75324e892da6,True
4f4c0d14-1114-46f2-99e7-708cd02e0ffb,False
e3569144-402e-4738-abff-fed4e45c93e0,True
45a96491-d12f-4ddf-88c7-477a557726b4,True
cf905a69-5686-450f-b03f-ea1e4f101d25,True
5cc7876d-8814-41d3-93e2-33e97a7f9942,True
df3558ab-8637-408e-8169-e0c7819ccd0c,True
12ca6789-d694-4635-b2d9-93fbd77714be,True
b4a9cfed-279e-4d8a-b224-11bc21fbbd9f,True
4b0ab1ca-db25-4e60-bf6f-451acfa09eba,True
d08b0069-efdd-4e95-bd70-b2cffdb9785d,True
d6267b90-59b3-4102-af4b-3ec4e8dbe6c3,False
4835d86c-d677-4663-979b-05b0e015876d,True
fb36388d-58cb-48f7-a0d6-84fc36a19033,True
c5d161ce-b8d9-42f8-a81e-8dc6c0c12bb8,True
1a2f6d94-4675-452c-8d19-b9568b5da6e0,True
e957e558-5283-45b2-9601-d4d343c85c0b,False
d821defd-1b6e-4087-a411-6332c125c873,False
0b0e1b72-10d6-4e9b-b8cd-32853ffcc2e8,True
29730f0d-a893-4e3c-a514-19acd890ebc9,True
07ac4f86-6d2d-4100-86d6-0eaad6576caf,True
ada4f0a6-8158-4be0-a75c-f0168c5fafdd,True
4b4e6aee-43c4-4b60-b0a1-6c2467c36057,False
fe1c7cb4-b0d6-470b-81e0-513cbb8b3d86,True
aa5de02e-f385-49d2-96e0-bd30339982e2,True
28786782-bef7-47ba-b399-8c7b50af5756,True
b2bbe74e-2ec1-4d6c-a0a9-9468f15df2c6,True
db4a27d8-a711-488f-97c2-4286c0ee51cf,True
642663c3-3a19-40f6-aad6-96ae4a6e169a,True
123f5371-73cf-426e-a58b-252a3764c87b,True
d82f0a48-50e3-45e7-8386-dfb92fcbf193,True
3fdf2f3c-4060-48db-9f30-465ea12b5c39,True
cebc6598-9e20-4a79-baf9-8752cdaef7f8,True
9144874e-9ab1-4fed-8d4b-44c1758f8369,True
5daa23b3-f4a4-45c8-8591-0d55b421b2ae,True
3f1e216d-2637-484c-8f9b-a334dce1ac99,True
daa83ae9-d6b1-4dfe-9dcb-e268706f2a02,True
9572947f-3c4a-4b56-88ae-c16d6734590f,True
d805e8a6-ff15-4bd9-b00c-5edddbcdab4e,True
f61cdcb7-aabf-4d48-98a4-cc08ab6ca0eb,True
aea504fd-ed58-4212-b93d-d003e16aa9be,True
d96fe5cc-91c7-4096-ae25-1220b3ec8c03,True
ffbbb035-5121-4ba2-81b7-d06e0d2efbe0,True
6be03956-2397-4ec6-8bec-7c4bc6c403dc,True
0e49cf1f-2732-4514-8f97-f81ee6f73c05,True
4e404dad-2bfd-4f6f-ab9d-d1448d13d10d,True
f553b02b-e23e-4090-babe-e89770880401,True
37b6dbfd-1dd6-4b97-8c77-7ddb3b1234fe,False
01a19b1c-c8bc-4448-9019-3dbb573b7f36,True
0881d87e-ea28-4825-a259-4d25905ad90a,True
db029a52-ef07-44b4-87ae-2cbc79d99df2,True
fd8944e1-eacc-49e4-864f-b107d0b86a10,True
66e700df-6c16-4669-b141-420d0bedebf6,True
a1101d7a-ddd5-474b-8e22-cdf2d2572206,True
697f7bf6-4ab4-48d3-ba2d-8eeb9aa7bf49,True
aaae01f3-ffff-4d41-a63d-cd1ce2d47e8a,True
12f9f0b6-7172-400c-b1f6-3a76d3746f28,True
f317a61f-6f9e-4a73-926c-c7d1bb812ab9,True
9b576eac-8a09-48f5-86e3-a43154c94e02,True
cfb4a17f-54f6-401e-b948-e03657f353d6,True
36b383eb-870d-4e7d-8fa6-a4d6b2bf13f3,True
8a184254-8d6e-4fa4-89d3-e5b9581517ba,True
67c2be20-81dc-457f-9a7f-6e4db2bc498e,True
cedf537f-e98d-4613-aba7-8155612b3114,True
e918993e-ba4c-4933-a907-494cb801fa96,True
ae740ffb-ec67-4837-9540-0a1dc43eadfd,True
4e784e28-6559-44e4-bfb1-d963ac5d8e32,True
87841322-7cfa-4982-b7b8-59aa9ad03ab4,True
95a83281-8a1b-4584-8852-ee31a8655d1c,True
49a76652-53ec-44fe-b977-a36e6205c6b4,True
f0c809d7-caa9-47ed-9f82-dcbc86f6d6bf,True
4a5963e8-03b9-451a-80eb-2b65c06a78c5,True
e46826ed-181d-4b8e-894b-45f9d261cd58,True
949a7d78-430f-4fed-94d0-6516f5b06c86,True
25223a9f-16fb-483f-95f0-137ce5ecd0f8,True
c5a6daad-53d2-4a86-867a-634cdc4ab29c,True
150963de-1c73-4c2a-a20b-0ea97d264446,True
2ce279b2-c051-4a24-84f0-addcc0de5f0d,True
9d409d28-d9cd-4bdb-94fd-b6ef95698109,True
bbfdf001-1a17-4097-850b-ff1f8acf0f51,True
f87e9f41-c88c-4658-abe6-642033f840eb,True
51f95fcf-26b1-4b79-9a0f-73841255a386,True
c3cf1069-6a9b-4f67-bbd5-e856807a1a03,True
4291075c-d000-4010-abb6-44f058005c7a,True
ea58c898-f400-4ac2-9856-feea0db22837,True
e7cae70b-9704-42de-a470-9f972ce52401,True
ea08946b-6868-444b-bb0a-2c33e356b743,True
fc43e694-78ab-4856-ac12-8bf92d91ae92,True
63db6f10-018c-413a-9fa7-bd93a3d24afb,True
54db4b45-0100-4c71-9b57-fac84b0f66c4,True
33ad9f6c-ad13-4279-86e6-3cb6641a351d,True
bdb6a24a-67be-4939-8d28-9bd77401f758,True
264eb456-a312-4936-be5f-dd6d01825ef9,True
d54c80f6-e3b7-4c26-ad8f-aadb66f71a03,True
1c61002f-6276-4b08-88f9-70fcfdf2f481,True
ef3d64a8-8963-4d1f-ba75-500559da5e8d,True
15753001-2e20-471a-9ed0-4ba93e9bcc98,True
9cf6dd70-64ac-4fc2-abde-5d6350d12eff,True
23f1928c-de02-4f97-b92c-74582e6fd429,True
0f97005d-974d-43fb-9339-866907e56817,True
0d01763c-967e-4daa-8090-db4804b26a2b,True
94a40237-0c3d-4945-9b66-8eac0e01edf2,True
6690d0ed-c390-46e9-93d5-1e066f8122e7,True
08a8dc8a-4613-4d9a-9604-6a334b736e49,True
e2e2d4a4-cd15-4eca-8a3e-b62c298ac226,True
ceeb9436-1447-4da2-8e3a-071bd476c742,True
2f89ac8a-b64c-486c-9080-f723ea62c0ba,True
a2f687f0-7215-453b-bcc8-83ec10acbd43,True
34019ac3-1068-4dff-989e-848129a5eec2,True
e2d0f5c4-41e1-43e7-b098-333f045f3bfb,True
0224ab68-99c4-420d-bdc8-75a6f5f651e3,True
c859f493-5888-40c4-ab73-3d7a20be1cb4,True
c54250c1-821a-4b04-860a-3f68dc87fff8,False
b3f7d13a-a155-44d8-bdc3-0482a018f111,True
0b5f80ad-4071-4f17-8e51-183a218a1fc8,True
98eac1a3-42a7-42be-997b-c313dc075094,True
eef0cb06-cedc-4109-a9e5-e91097797216,True
3553f63f-a9f3-4ddd-85cf-296174cf02f7,True
fa81173a-9bd6-4d00-a134-da000ab97dc3,True
c047fb08-f5ad-446c-9a0c-9c8757d9cdee,True
539e62e9-2461-4219-8f3b-86373830266f,True
4f002933-7389-4c3b-92b2-e75a6cc1e286,True
7d273c7d-2f6d-46c4-aeb7-4c684b4c5265,True
1d83b5de-c5a1-4980-bf79-d74a9e89d120,True
5eb767a4-4f56-40b0-bc6e-dd35e6b260d3,True
0081632e-87d6-4a82-beaf-c438ed7e215a,True
e6ac354a-abbc-4100-9612-1a9d29811cb5,True
6d4cb250-202d-4f27-bdf4-de6e41d8770b,True
bad268b9-c9de-4943-a61c-0347bb371cac,True
0056df95-70ac-4b22-a0b1-a3b0f00b4deb,True
c48e93d6-5ff5-4dfe-aa3a-f5a4d646c2ab,True
0304617c-3a26-4379-bd15-cb2f620adaaf,False
04af4626-587b-41cc-b8a0-d723ad07d81c,True
722b96d2-d786-441f-a283-6196412c045e,True
5cc1ae36-aeca-43e8-a030-d4239a788fe9,False
8c6c9032-3b84-4d52-a496-ec26586cd9e5,True
f56bf5a6-911d-4762-9d76-6571caa5bc08,True
bc42071e-c737-49de-81fa-92f97a7b5795,True
f4bc2889-d238-4c7c-9a3c-090f460ae9fc,True
baa20005-5677-42c7-ac53-691035645442,True
d406937f-07ae-4ff1-8e1c-89feabba079f,True
5852fdae-3785-4c16-a139-a086c9b6e8da,True
d8a9dbe0-98cf-45ed-8dbf-76ce68272ab2,False
a3373033-1bf8-4e5f-a192-4baa1fcbd273,True
c224f2dd-e436-4d58-b363-a7f8a61d5bf6,True
4eb4a173-36e8-4f89-b7b0-43db76cf2224,True
6ff4b5f0-43d5-4c22-9fa2-574d8fda786e,True
c3383346-c5f1-466b-9a01-b93ef6c1d83f,False
0471da87-8655-484e-b18b-c370bda89051,True
f72b6baa-bb1c-46dc-a600-e4e5f94eb576,True
de02f9e8-5c8a-40c7-8c78-b4c9cdf4042d,True
1dfbf30b-d7fc-424d-99dd-e74519b2facb,True
a4c8a77e-e59e-44b2-9d28-6542625d55e2,True
9f80c737-f618-4cef-9442-7a3c433f65b5,True
2bf482e2-e954-41e4-85d6-11c0d223cbe4,True
9432ff80-8f9f-4edf-a1de-88872498ac67,True
c2ee7274-6dad-4399-bd4d-802e97e1d8ac,True
8767f0a6-dbba-493a-b8df-73b8bdc7d13b,True
ef178388-27e7-48d5-bbcf-2a96c0ffe896,True
42dd78b0-b79d-476d-bd45-0ec7b7b729f1,True
05b885ce-e601-4961-ba4b-2f226145ae20,False
e4d412c0-4124-4538-a81e-64a7f5425ab5,True
99c75b0e-634f-430f-bf70-c9a272a4ecfe,True
95675b11-56ff-465e-9c10-16423503f019,True
6c8262c8-b0c4-484e-a6ed-141f9fef28a7,True
7d6905e4-79dd-4004-865d-3469f293a274,True
32f716ec-b037-4d1b-850b-2279ab676982,True
115f843f-f894-4478-a1c5-9f24e34342e8,True
d0d811f8-bb74-4b68-834d-0260a1c44876,True
ef5b671d-def3-484d-80af-1864663ae442,True
41aee825-a10f-4ab1-a01c-dd8e03820339,True
31d6e113-58f8-4ed5-8684-2e5d1754073a,True
9bcabd54-9f0c-4ad7-bf2c-96373af3db3d,True
805a5277-bff1-4cd8-b8e5-8be19f3c84af,True
61c5252c-dea9-45cd-bb38-463041b9dcb5,True
19b35c9e-0364-43b1-97d2-b1d554f2efa8,True
8f688c03-8123-4e8a-86d5-dacd63e97580,True
46c49c1d-0b67-4a76-89f8-2364c3dcb3df,True
0726a348-4765-46ef-b377-a03c40b6f8bd,True
e090f8d0-bf61-4803-89fa-9044e728d0ac,True
873bdc78-7d4c-4c01-9077-d377ec8d3a5b,False
3712a58a-0a3c-4cc2-bf2e-b701e1c7e898,True
47a59bc3-0f5e-4529-b0c3-810e3db8fef9,True
f84dbab2-75e1-4a06-9988-3be0f6936a34,True
ff91f3b0-6e53-4c54-a6a0-c38a57cb040b,True
f73121af-fca9-4ce7-8e45-8d960eb85724,True
5a325e90-ee4c-42fe-b34e-04fc02f97784,False
cea99702-a384-4d8f-84b6-39fb00ce0759,True
cdf69a32-b00d-4108-b7bc-b653b5409635,True
bea3a988-08bb-4634-a784-ad1da2a54539,True
b542438f-30e9-490e-b9ed-1ccf60008c22,True
7dcee77e-e98f-4bc1-a840-b76c7d564b98,True
6574b764-de89-4c5f-9576-6a08a8e89357,True
27cb7fa2-1ae7-4798-8fed-0f99220cb82e,True
815e6f76-a6fe-435d-9d23-27a311b19762,True
f9bf41c5-1f6d-4389-a48c-4f5c543ab983,True
29950cb4-0551-4600-86ce-414395ccba6c,True
2138ab40-4d20-43d7-83ff-db351cae0bb7,True
deb9e836-0d0c-4906-b6df-2ffe990e96af,True
02f36a8b-2a41-4c7f-92ff-c169779e135d,True
e0379ca0-3b18-4760-842b-008b623108e2,True
4c41a218-6112-42b3-839c-b587aa54d355,True
55ee4464-ea50-49f6-bd1e-b7375174b851,True
8fcc4683-fa29-4db6-9082-b59c358cd84d,True
9ba81b36-9766-4714-bbd4-1940db4c6ce2,True
65380219-e817-41b2-8f16-7dd9f196154e,True
bbfee840-5cc7-4ce1-96e5-11eccb1a91dc,True
113ab0ae-8ef0-42fc-a19a-a4ed5e53c6ba,True
8e870cf4-625f-4cc0-a4a4-52f8bc914b7a,True
c02415d7-0bb8-416d-8c9a-c8a5d8d6e1f4,True
88a5d128-05a7-45b0-8e73-c2b6b41da2d2,True
608ef3e9-447a-4fbe-87cd-0229dd454c69,True
85f4fee5-8593-4824-8110-4a5378fa6dfc,True
cb67a579-729c-4c93-94af-af67ff7092d3,True
3a7f0cd2-561f-48c0-8b32-c9037fbd9c0c,False
6c5224db-329d-4d3f-b417-1ff9869b6a0b,True
63005fc1-b1fd-4a2b-8179-aa512fa0f19f,True
2c704a3e-9584-4c05-9973-8ae01ca66dbd,True
77f0228d-b16b-477a-a957-9375d1dd5af1,True
e5aea616-b521-48ea-b0e1-9b999eee60de,True
091005c0-fb36-41a0-92f1-b63bf83033e5,True
5ced0eb4-b364-4a68-8221-2feba561c8d6,True
4fec093a-e746-438b-afd6-d6177e07f82d,True
ca0dafcc-b712-48bf-b7ee-dedb23b9e2c8,True
cf4285f3-ea6f-43a5-9029-ae07e997b0df,True
97a0ec9b-e3c9-4aa8-b16c-4dddcb8ad099,True
caa1ec98-a78f-44cc-b0f3-27f4161afb4a,True
6926bcf9-0a63-45ea-8222-8bba11c6d59a,False
7e0f4dcd-60d2-41c1-90d1-fc924b61e9f8,True
8de2d10a-dc4d-4319-ba32-b5b950d5882f,True
63db57f5-4010-417a-aa68-7a4951e63e9b,True
46fb7986-e596-4ba3-9e0d-98544157e6f3,True
5cc91ac6-dbea-4ef5-a280-075c671e5f26,True
24047372-33cd-4d69-afe6-20237c26d55c,True
57b14eda-a4d8-425e-90dc-9774c35fa5ff,True
0255a23b-d531-43ec-bb0c-e7308a1d7182,True
7e7408ec-b15f-4966-959d-64e9e16d31bc,True
fddede10-4fa9-4478-a843-c96b42b90bc8,False
e1e01d00-990e-4f59-a9c9-8bab47171c0f,True
c46a694e-490a-40fc-b0f9-001a9b97ea8b,False
b835cf68-577d-40f6-9498-97ceb180947e,True
b5737367-b03a-4216-b804-385418ffdcc6,True
c46f2fd9-bb27-4b3e-91b8-32f3ace201bd,True
808d2aad-589b-484d-a796-fac533366b3f,False
2f7bf032-1d4c-4c51-80e6-529270c9f97f,False
a2190c60-02fb-4918-9162-cf448154bb3e,True
0cba9f83-c504-4daa-869c-783540afdd3b,True
9589d335-89de-4b02-8388-17e9fc464633,True
ecdcb98c-9a84-4fb3-841b-3c74679c5f78,True
96fa1197-0293-4d83-bbaf-6164375a60c6,True
d36e1788-7067-4ef0-aebc-a56b3679d19b,True
7b66365c-89b0-4ab3-bd0f-e55e6893f9b8,True
3c973818-f841-40bb-944b-ba5ab334631d,True
d2144359-9991-4e26-806d-a47fe3b631ff,True
32a62447-668e-4a28-b4f8-6f200a54a5a1,True
6c4938cd-7328-4144-a483-e04755c53e57,True
dbada18a-4f9d-4dd1-b1a1-5469628e6dc8,True
9f3425b1-9bea-49b5-b09a-27de66ea60f6,True
b3bd4ccc-7ad9-4888-89b0-956f30952a07,True
b73fab60-271d-4975-936e-c85cc37d043c,True
9da55ace-d012-46a4-9a1e-8d2a22894686,True
6ec5db24-fc44-4731-a6f3-048e2c57367b,True
5479d6d3-6ce2-481a-a67d-0c517e378f53,True
e2028117-f7e9-4398-a0bc-6810ecc4dd80,True
0f4fed5c-10fc-4227-8539-64f4af0ce39d,True
0914ec4d-3d88-4c7c-9789-5395a22d1fd1,True
b488672c-b09a-4761-9041-b4a6c72ff116,True
f3e17f25-8706-495a-b5c1-ef080de18120,False
b1adbcfc-c275-4a89-91e1-fb990606c19c,True
4807f346-5c9e-4ddf-bd72-0b43becb5ec6,True
fd841689-02cc-48bf-a5c2-feb7525a6911,True
a426e8f0-0b2b-4860-9276-bea1145feae4,True
1eebf753-46f6-4957-ae6a-7d9bcce72847,True
54778eec-587f-4809-857a-a56d67147206,True
c2b14ce2-05e3-4f1b-b1cd-f3fdb58b7d85,True
a947210c-2a9a-42a5-b009-8cdff5cf954d,True
9e06356d-90e7-473e-8aba-6ffbf1cfde73,True
9341657c-b68d-46f7-88f7-b216391577fe,True
0329aac1-2200-4d42-873a-2d695b64d2a1,False
3f18d0e5-1537-4e75-95da-5be158b84c60,True
bec9fe61-4930-4ec7-ba2f-2b4e7efec72b,True
7d565593-9f3b-423e-a676-59bda023f86e,True
de95c78b-bf84-4736-bd1d-40b4096c9480,False
79d36a22-00e2-4b19-89d4-160e11d822d0,True
0a24f004-e1da-4721-b1ff-bf7fdac1c682,True
bccca8cd-1fe8-4711-8c1c-b5158cca5242,True
cfd11815-b54f-45cd-8d08-00a6d23e5a75,True
89be5181-22a7-48fb-828f-8dda3cd78f9d,True
5d014809-0db5-4cfb-9c20-7559058117c8,False
98095c76-002a-470e-a4b3-dbaba26bb7e7,True
5d643823-b11e-4fa4-9ea1-379cacdcfed3,True
6cd59da6-7809-4486-99a2-f90429e7f47b,True
63af1d55-af37-446c-a8ae-338196254c7c,True
da81d0eb-a81a-4ce8-8244-0c26994953f4,True
1080b573-0fed-4372-9692-8008a5bf117b,True
ca811a87-87f1-4c3b-89dd-7b61b468cba0,True
7dd15deb-7d81-4917-ab49-689976be8794,True
bf3fb1ae-dc54-40f9-8f6a-74131c14337b,True
d1fd6884-f20d-4ded-a84a-6df3aa5d1db0,True
55617cad-a0ee-40fd-8837-0d6359ef42a2,True
a6ad4eb8-4790-47d5-9954-d0fec71d9cd6,True
76d66c65-6f25-486f-9884-068049e61ec9,True
927d59cb-aac0-4a00-995e-bc35e8a79977,True
1ed85996-13f2-456c-8512-5ef654b4ef35,False
c2b59d2a-0e78-4243-85ce-4f256bbbe72c,True
faab3637-956c-4500-93e9-84e84230b9e4,True
aa74e12a-edbb-44ad-9c04-18ead6f85393,True
ca295464-785a-4b83-800c-27f1c5b0f807,True
72f3ec0c-aa2f-4354-af25-5c322d80fc07,True
60a04b8a-dda1-476c-894d-8417596500c0,True
348602dc-d17a-4440-9cfd-a2c4a83e1dad,True
d888839a-a4eb-4e8d-9c61-6c5b7a315236,True
115fcdc5-6653-418f-a3f2-72af35af7062,True
d14a236e-9bf6-4128-9a50-fe834598caad,True
15548c54-10a6-484c-b2e9-ec00a65a4345,True
fffda1b4-ce20-4328-8924-7173a9cff178,True
d5b040a6-e223-4346-b915-a4ac41e08a60,True
d1d7a976-5026-4eed-99f5-d3015da6f36c,True
5d42a1a7-255e-4e7a-bb79-f5ed6ffc5c4c,False
a0ae0ec0-c173-40a9-8b45-0ff0dc03b8df,True
aab136a5-fab1-4656-aa8c-3396eae1556e,True
3a57ca6a-3fdd-4545-9d17-eff133afe9d4,True
683802c9-ac5a-456e-952b-c980584aabc5,True
fcd47e93-b34f-45f9-b999-c9d1188c5295,True
60daa0f9-669e-4649-86f3-06927f7275b8,True
9b26b8ad-7afc-4914-9e08-cca6f44f0e90,True
f7d7dd0b-7cef-4436-8f0c-76133a21f43e,True
da3f1166-9fca-4ceb-afb1-8b55cb65c361,True
f0ff98e1-79bf-4cd1-947f-6218012a7d93,True
171e9a6b-9841-4fac-936d-a6e605892563,True
e39b57f8-3f2a-49e1-9e63-4fefccbbaf58,True
4f80ddec-c038-49d2-8a1e-25d082d329b9,True
4446501d-6f0a-460f-bf67-71b2692138b2,True
3dd394f6-7a54-46dc-ac9b-8ff0d5475328,False
dee5a646-d583-481a-a7b8-8c9b9d96346e,True
60833d76-7f86-45cd-b326-634b6ed166aa,True
116e3e37-728e-4157-8c29-c06bfd1f5529,True
1c37556d-361d-47d3-88de-ec15c96d9af3,True
f1ab9c00-2b12-4b3d-a875-e4ebb4b1e260,True
9f26cb60-67c9-4d4a-b35b-2a53e3c3834c,True
e4f9fe05-9b9d-40ce-98d2-843b0038229c,True
30f5fc8d-dfec-4915-8de4-1670b900bf7b,True
b12dc2f6-992c-4507-ba5a-679e0842e1e9,True
93727bbc-690e-485c-86e3-48a1d0c35db4,True
ea715031-e026-485b-a09c-70666b9347cb,True
f05b1ab2-d7ec-4528-a94c-2ed9a5572fd6,True
a6a4a531-5d06-44ed-b4f1-2cab5f0f2a87,True
a01eefe7-4278-4983-9c24-bed4815f5f14,True
6027303c-edf6-42d9-8c4a-2d74683c27ec,True
b31bfb02-5b7e-4509-b40f-67c2e1e3b7ae,True
948c4f1d-e67e-4d82-9afa-63d3f61d0d4d,True
c2a192b3-7b64-42fb-b5ab-91974f13328e,True
d70df12a-4168-4f16-8e0b-9e7ac2d30f70,True
db451d05-3e8e-4e42-8433-dfc34c941d45,True
d165399e-567c-4008-990a-f04336d03234,True
01fcd84c-158b-4f49-b999-5682c30af9cf,True
1d09671b-a8dc-4eac-aadd-88307c8f7552,True
4c942845-ecab-4e37-9efc-8f6c3784fe31,True
5e3811a0-6375-46b1-8ace-e615a304360e,True
6572187b-6e77-44b7-9898-947695b291bd,True
d57c6abe-616b-4b74-aa8e-c22bca7c6d41,True
592a0c0c-8bb2-4feb-80ac-2d5630761687,True
216ba8ce-ff97-4b8c-b523-71856fed0af0,True
afbbc1ad-97aa-4e04-9416-a8bd915a0846,True
c6764bf7-2282-4372-9882-d907c270a66c,True
a175cb46-4c0a-46e1-b7f6-23b7d4265136,True
2de941bf-278a-4701-942c-479340449264,True
fe5cd767-5ff2-4c8d-8972-dd017cca0927,True
d3e069dc-6a84-4abb-84db-7601e9342c7f,True
7916e200-afa2-46c4-b2cf-b9213b725775,True
7b7696de-9021-458c-a159-8fc4d8c3b2dd,True
474f16ba-bf73-4cfc-9f11-058560db6977,True
691c11d2-bf54-4277-b951-79305f3e71cf,False
4777c0f4-b4a4-46a0-b357-e6186883a7a2,True
eed6f6ff-6c54-43a0-8e86-85e73d8a7d7e,True
80b7ce26-4629-40a3-b42c-c784cbbd1753,True
8c37df2c-e2df-4ce6-800b-8849f1eb1583,True
2c1c7507-9944-4ba6-8725-4ae3313de498,True
05aaac43-c51f-4f20-90b6-36fc5e8eac94,True
ca266a7c-ab08-4fdf-814b-bfa6f31fe7bc,True
d9ec5f6f-d4dd-4a31-9ca1-c2449ed759d7,True
b327c452-034d-4342-9df3-6068f2d48f30,True
17da25b9-b43d-4d89-8a8e-c7c735308cae,True
670f7d4c-245b-415a-accf-d72850f2f99a,True
5db7026a-ef4c-43ac-8adc-d4e568dba8bd,True
0a0213e1-8614-4837-a7b9-9080a1eaf609,True
50eb26fb-a097-4f9f-9be0-8b159386719c,True
53fca8d9-6882-4756-9fb1-5fec30b9b8a5,True
9e006592-3d53-4efb-897f-e027774e6995,True
6b5640c5-f1aa-470b-b683-981d32c5b252,True
356e9381-94bd-4a17-96ee-d1472fca418c,True
0e05ad81-4d29-43c7-863f-7301ae97f0d0,True
70025a04-b134-41e9-935f-d56b40c678c3,True
c1010d3a-a440-44d8-9425-f006985cd6db,True
8c934454-b389-434f-a1ee-42ebef83284c,True
20930ad6-51da-4d1c-98fe-7d1e8dba4d89,True
3e496fc9-00bc-481c-9349-578f6a8e278a,True
253bbb13-84a0-4176-a8db-e7d2604009b6,True
645ea841-3fca-48a0-82ad-c707d81d2964,True
f71419d7-e3ae-44ff-b962-80616084f62a,True
980e9feb-5c90-4238-a037-62b60625c7a2,True
299e8ccf-fd39-4150-bb99-df94ec59f2d2,True
4fab8264-b48c-46ba-b13b-efbd36d13ae6,True
f65c1bd5-fdd7-4a52-8042-56e73a698631,True
9f6f891e-154d-4b8f-b9ee-a99c75c06c79,False
7b404e2c-e7ab-4ec7-8ca8-9fc762229e99,True
3424207a-1276-40c4-9750-839fb7abb1bd,True
3aad72be-bc89-4934-96a5-7d34311f80cb,True
c321898d-0fdc-43d2-8423-acabd4000749,True
407115c0-af65-4575-9484-ab47eefb5e7d,True
cc848113-c389-47e2-ae1d-c2ee63bfe418,True
251d7b6d-8760-4955-8404-83697dbf9455,True
5e6ee664-2aec-44f9-a85d-21f893fcf5b1,True
d0f72e78-a0cb-421b-980b-4a534fc53a0b,True
6b7117d6-4dcf-4b2d-bfca-54390451ae5c,True
73d21201-eb05-4507-947a-2ec0243e03b9,True
e06cf2cb-6cd3-4f4b-b53a-2f59c09d2441,True
7b3ec079-76ad-47ec-8e4b-2325dbb62ef1,True
236d7650-808b-49e2-954b-fd5bd02882d5,True
915e68a8-11d1-467e-90bb-923d62ca9353,True
83ccd3b9-91d0-4785-85cd-5a89620f06cc,False
6caad884-ebe2-4569-9cbe-b018bbd30f3e,True
e88bf690-3577-4dc2-ab33-6d367911079c,True
b9cc5ad5-2444-4cbd-8841-68128bb9d3fe,True
f99e77de-d68a-4483-ad77-4a7bfaf7c9e4,True
dc890023-e6fd-4086-b317-6657e044e714,True
687fb4c9-d538-4be7-a4a8-d6d1fc551ea8,True
0f8f0b70-07c8-4caa-b5fc-850a6ea857a8,True
e3b00bd1-231a-4581-83f8-267ba26c744a,True
67c64da5-b0c4-4d03-b238-c59a7664b0f2,True
8678f2d4-322d-46a7-97c4-8791edc42fc9,True
305490de-91d3-4f6f-b3d4-f0e98d81e030,True
3436b14b-30a3-45f1-86f3-34c161627eb0,True
3ad32aa7-d399-4049-9543-4076b85a191e,True
5140aeea-44f9-4bd1-a0f2-8484fd30480b,True
7189db17-539c-4d5d-9199-9af059395c8d,True
3b91b614-b8f1-442c-ad7c-21e206e7fe6e,True
77201d0d-32cc-48e1-9b1b-ca3c69742e3c,True
1f532aa5-a066-4379-873d-734b3ea7c3c0,True
ffece7ab-c303-47d7-bbbf-b2323d8929b2,True
199d5901-7988-4e34-a97a-164c834f69b5,True
6d64b1dd-cb74-4f83-8ebf-a25c893a7734,True
8d4dd030-087a-4add-96d2-3e937dabdca0,True
bad24397-54c5-4b3e-8ab6-44de8d6353b3,True
ce5d3b37-5295-4bd5-938e-41b3e90e28aa,True
09d474ad-53ac-4604-b6be-dd47e6f3f635,True
d8669289-ca11-4ac6-9235-17929ead3441,True
1d9cd477-0d53-4b26-aa2c-00d08594c3ce,True
3619c81f-d98b-4888-9758-a4c0a8a79f21,True
284c4e41-fdbe-47ae-a5f2-17be5101e45c,True
e334a428-bb58-45c7-862e-0de6dba31bbb,True
3a3b0c0a-191e-4fa6-a217-c13d7764ca5d,True
7b9c60b8-4dd6-4701-8a63-310ffc7f0cf3,False
9f6722cc-365e-4523-99bd-4059b82443bd,True
9c88d971-82d9-41be-8c30-adf966e8b24e,True
c1dd7b51-6264-4a3c-a68d-60502533f1c1,True
bddc831f-ef82-42d9-8126-2e135286811b,True
b29c3ad4-77d2-4949-b84d-6f64f09cecbd,True
ac11b953-f500-4021-acd1-32246fa22fda,True
53cf8c0c-fa27-4a28-9d69-9c892cf1875c,True
a7e3953b-68df-44b0-ad48-3bf5b3d9cdb8,True
d98ddb7a-fae3-4ec9-9eb6-a7f8fbebfb3b,True
7298594f-28ad-4969-ab14-9ece2241c187,True
3dbdb00d-858c-4a64-9443-87506e7d261e,True
03729c1b-4211-49e7-8172-e712a56e3ecd,True
8fbd2b1d-ebd9-407a-909e-37e5af86ff11,False
78682d59-c00f-4202-b66e-7b8b2dc1952a,True
928c506c-7725-47ad-a456-25472f7844ff,True
73808959-c1ef-4fb0-af35-a119d6e5529b,True
82e0cb09-c221-41b6-a58b-9d967f98da6d,True
7cd94cc1-ec00-49d3-98c8-cd9ed99831d5,True
dea4cbc1-56c2-4554-834b-a6f9be94ae22,True
6b884e89-ce07-4324-aad5-d33a416e0325,True
2e2e1a31-c1dd-4662-8895-9274c814cb17,True
5d73ee4a-9a4d-4ac1-ac8f-ebc0fad05757,True
c7be708f-b5ba-4dfe-95fa-7365f66caea8,True
d6ae33c3-dda0-4562-abef-539104498b34,True
4604b4a7-c594-432d-b46a-a0d3ba15db38,True
6db4ef3f-bfcb-42e1-9ec8-ce4e86e20019,True
cdf951ae-a4ee-4b7b-aa8c-acc48252918e,True
741d3382-9744-40c6-90e8-b95b6803caf1,True
62f9f684-2e64-4338-8eaa-60f945d77749,True
353e5af7-ef4c-4e25-a880-33d5870ed455,True
cf2fcf82-f01b-44ca-84b2-26796d4e5587,True
85f7375c-2de4-4aa5-85ee-e4324beba344,True
17a89af9-b61c-4a49-8238-2dbc3bd7b7ac,True
945acfa5-fa78-4def-8c0e-d044e95d08f4,True
5f426a92-9244-48b1-a62e-7be97237f8cc,True
d86a2dea-634b-4253-8ba1-9b9edaab2cdd,True
f5d183bb-dcf2-4907-9312-6256628160c4,True
852bd07c-ac80-4a08-a1ab-14a499f75c74,True
84020612-f405-4849-9a57-bb05e2637540,True
cab76b13-367b-4dec-9a51-9f3261f7181f,True
90c0779a-1398-4c62-ab39-4bea55f41fa0,True
cfcfce28-5a2e-4bb1-935c-ad46b00e4f9f,True
f282a76d-a6aa-4f8d-b5f3-867f0e57570f,True
e9494457-8018-4d98-874a-ca40b10764bb,True
4c2430cf-40ca-4210-8c1f-a5dc29870bd9,True
8676944b-9d48-4635-b2ab-fe93f33cf311,True
50363784-beaa-4280-8c92-d140228eaf92,True
356dfe1b-b77e-4389-90da-82d2273dced8,True
741eaef0-f120-4996-9d1d-f04652d9bf3a,False
69afde90-3c9b-4640-978a-58c108f6673a,True
46cdcda2-15e1-4a66-a798-90c95f3199db,True
2b11a3dd-55c1-47d9-a8e4-b1a9f20438d0,True
f264756d-23a2-47d7-9527-561f52e435b7,False
4a1ef84f-0f45-4b85-a382-eae3a30ff2c3,True
1648901a-c8e1-433c-b16f-04a16a18ae50,True
d702ee4f-1f26-4f1c-91e3-36a50827cd2b,True
1bbb7ae4-78b6-44fc-aedd-2d434c1c9217,False
d952422d-ade2-454f-b837-ab2caedf2e0c,True
2b0d02ab-ec2e-4fc2-8f29-77a3ca510d81,True
f87e0fe4-1c92-4d67-ad80-7fbdb4413db5,True
38833ada-d80a-4a4a-95f2-ba8f69370a66,True
13dcded7-b734-46ca-b664-a6a1bdfb66db,True
8bdca838-9d35-412c-b5fe-542505ece34e,True
f525c581-3643-4bb3-81ba-cce5e75799dc,True
9b3e7e73-bc2e-4384-b165-2bd32767085a,True
2d483751-b2bc-4695-929f-aaba5a123d74,True
2c281737-d8a1-4929-b5ff-bfcf4abe53dc,True
1d5ae8a1-a56f-4fd5-95b4-c673fd12f4f9,True
af3009de-a3c7-4eaa-829b-eaffa6f5a4ae,True
71518038-d057-4a61-b245-0c1d34d9179c,True
0cd7661b-e3d0-4e53-b435-20e7d1904cd6,True
cf5813b0-a573-431f-85f2-e7776a31ddf8,True
bc2aea19-ced6-41d2-83ac-ce6ce99801ac,True
b7a77af0-8df8-4c9c-9079-1e37eede8f4d,True
361b15f1-d623-4ebf-99ca-68448d43d61a,True
ecd565fd-1b2b-43a3-932a-fb6530061d06,False
ea815180-cdb7-4d99-829b-879d0a84cb05,True
e1195573-d39f-4fe1-9ad9-9e6b4852ddea,True
787c85ec-8dd0-40f0-9a4d-e3db79eae004,True
5c536931-8f4a-4b7b-8df2-005f2b6843dd,True
10c8f972-83e3-4520-9ccb-dc06bdaf51c3,True
30664e88-f3a9-49cb-b5ac-dd32207b52de,True
225c9383-d401-4d9e-a6f8-d7aa126423da,True
c7c8d480-d317-4548-9c96-9297a101c3a6,True
44ad379d-684e-46ba-9c56-73fcc95d02a4,True
278dbc6e-f384-436f-9b7c-cf1411bad77c,True
1f6fdb2f-3032-4346-b02b-43869ff04d04,True
d79a4d8d-1bc1-4135-a6c5-5376dbce2892,True
02085cb9-d668-4d83-becf-c9713a152fbf,True
a5c7f1d1-5c51-4b3e-8fcc-156adea437ae,True
0c6adb91-b4ee-41e8-b4f1-da8b939c8612,False
559330b0-b033-4d65-8ee7-84016b171502,True
e23e2f54-fa34-4c51-9b72-ed773e5c5e79,True
a68258a4-2d26-431f-ab49-dc9f6f20ffcd,True
0550e267-6e0b-4616-b040-85172a89483a,True
4546212d-9960-44cf-9ffd-8defa6990cf6,True
c7bf8dc5-b82f-499c-bb09-0a916edc2432,False
b0a0279b-2185-4d29-9505-58aeb71c4ae4,True
c1ba0a1d-b188-4f3f-a4d3-9ae6d5da7881,True
3d9927a2-9374-46ba-9d88-04edea2e6fa8,True
4a54edc8-a76f-4d36-8fb5-77ec1d9cbf94,True
9ba1a855-1510-4127-aa4d-020e1401c43c,True
8edcff8d-d1af-4c17-b2a7-9fc621493c99,True
21a2ae36-afb1-41a3-bf46-c9ca8b0a7348,True
fb4b998c-dbb3-40cd-8164-b756e7c6a06d,True
1b26b2aa-9a88-4afd-8078-e6fb604d58f1,True
158d63a6-2a3e-463f-9229-747fc32df5cc,True
d013f7f1-739c-45ba-b0fb-b21f60f48d0b,True
3dc5171c-025d-4c80-9e0f-a9af87eef762,True
a7424197-27f5-4995-b3b9-55bfd5dd4b87,False
bca67707-10b4-47b1-a888-3b6f8655c0d2,True
0145aac3-2926-44a5-9d46-3925fd6ae5aa,True
85efbb6d-ac47-40f0-b7c1-eb7330ae9903,True
b4f9df11-f68d-4216-8a39-16addeb23517,True
7b76b0d5-d4df-4abf-ab8d-827fa026aca0,True
415a08a6-8729-4e58-b7ca-d37d065b47c8,True
4927578a-b74b-49b3-ba00-f369a635fd40,True
445cdd87-647a-4cb5-83a4-b3b6e8c7dd0b,True
092dfbbe-fff3-429e-9a15-ef9da7c479b9,True
8654b0a4-bce9-466f-96b1-8bf06f22e196,False
02982199-8648-4864-a348-6c5f7b12aaa8,True
8d2011e5-8b6c-4e70-b889-d6cbb703d886,True
3eba8087-c3d3-4e11-8b82-6bfd1e0fd137,True
d8ee896a-8cf2-430e-a14e-d2663096e3fb,True
9bb69b74-002e-461b-b2ce-96f4bfb110c1,True
6e4fa1cb-8653-4e54-8f86-f0d2a6259973,True
49f7ce28-717c-481f-ac6e-4afaae1414c3,True
608aced4-6ce0-431e-a5f0-5d8b81958ae0,True
eaff3c5b-be13-45bb-9209-55cc4602a447,True
2a9cb69c-28ea-403c-a03c-2b706f5476b5,True
4e31f368-d1dd-4691-a7ac-b2978890dee6,True
cb7ad793-a532-466f-9847-ee0c9d17c856,True
e66ac2a4-95c5-4c38-a27d-9ac445baab73,True
7936868b-6920-4b80-93eb-b76638a8ca5a,True
a986a6a5-bcef-4a03-80f6-65f875614a49,True
ea252cd2-3fc2-460c-a979-aed864ed8c08,True
5e5c953e-10a5-435d-a282-c73218d16a17,True
58558065-6de0-4479-b061-0e1eef60ffed,True
6b0536b7-8a86-4984-8a02-adac1cf23d0b,True
6dac8857-6681-4dd5-8c8a-0b7b8300f4d3,False
9b525761-2d9c-4fc8-84f1-4f264a97c1fa,True
6cb2a955-e3a3-4489-b9ab-027dc01749bb,True
a2403434-df1b-4d1f-a663-9a4c6f806daa,True
c088dd02-2ac9-48d1-b04a-f8add433e778,False
c26b53ec-9887-4904-a57c-44259c03b5dc,True
ea4d67bc-8181-4fd5-9daf-26ddc16c523c,True
d2948442-7867-408b-a025-bebb261371c0,True
407c93e7-d57b-40a3-8eaf-d88e04cd0cf6,True
58f09b6e-aec9-4d1d-871d-2f106e277b6e,True
77a905ed-0908-44f6-9344-f5417ba73944,True
75554acf-4e1c-4112-a515-61beeaa3226c,True
a47d8390-f2db-4d69-a3ee-a34e0606140a,True
068ea212-845f-48f2-bbec-45566b880c28,False
48e9f846-3908-4dc9-80c4-26a7559bf74b,True
9fc5eb01-5063-40d9-a9ac-057b901a3583,True
51875c20-6362-43cd-9d62-dc45e60ba08b,False
e34295bc-c806-46b6-8752-6ac8e4ce9fe4,True
4051491b-6bf0-4183-8756-61f25abd0af1,True
f03c04aa-eccc-4194-9785-78c5082d8ffe,False
594e7ed1-a08b-40cf-966d-d23a68cfc5e6,True
cff844cf-c1f3-4118-b987-a6382fcfec22,True
40447b1a-effe-499c-bba2-e580d6c224d4,True
051068ce-4d64-4ba0-bd6d-95c9b5f4451f,True
401cc142-6a7e-4055-86d4-6d2c205e5e96,True
6b5e1301-0cc8-4d9e-84d1-471bfa28ebd3,True
e8b22630-da6b-4177-802e-b0a491b06d25,True
0799d954-1f44-4ac1-b250-b1a3d23e0c65,True
0d585dbf-65ac-462b-b96a-02f666029068,True
2c9a1596-0b46-457c-8da7-06dadc797950,True
1c206ba3-f9ef-4f10-acc7-6e5466aa87df,True
ffe22224-8e32-4e11-9890-7563ad1191e2,True
cc673ee3-d705-4a05-a756-30e7f0ebd86b,True
faa6e2ad-1bc6-4a89-9500-22074f91b4a4,True
f5a6610b-b048-4f3d-a87f-a71d6a07db94,True
7c68a087-735c-4892-beeb-afbc2e7217f2,True
234c054f-d4e8-4db0-bc8b-cf4931f8328c,True
031c2d2c-b3fc-45af-a54b-1af8a67f189e,True
bab602da-4232-448b-af51-da20804918c4,True
ec1360e0-a4c5-4884-8664-0905dbc96fd2,True
200f2452-5fc3-4f2f-a0de-60b96974d51a,True
9a8a6a10-894e-4418-80f9-50fe47ff2578,True
aca25e82-5829-4258-930b-5abb539b03ac,True
614d5a83-6b84-4042-a299-5780b6a1321c,True
20db7288-d286-4e99-ba15-82e2eb469ed8,False
efcddec2-98cf-47a5-b829-4b15891ad3bc,True
2611d96e-f80d-40ab-a267-b200d53419b6,True
b097b7d7-4e58-4388-beb7-393106d1fa70,True
0c00c7f2-50af-4c6d-a685-985cfeedf55c,True
46bd0328-bcba-4a61-a8d1-628e4cc024e9,True
79f2b24b-7a53-4bcd-9315-cbf35666ebee,False
ffe1e377-57ba-4821-a62b-a89119aa942f,True
6a80089d-ffc2-49ce-bb69-1c3c991c44c4,True
0f3fb21d-0573-4cb4-9e4c-73f1e694e9ce,True
600bfc0d-b453-494f-92ce-78890608749d,True
db35b767-6613-44ad-aa61-d8bb903f8305,True
a75fa488-2eb5-4b86-91ed-816f55497f5f,True
980eb3ca-2a1f-40b8-bbde-bf073dba6182,True
3593aec5-06fe-4b5a-ad54-4d90b438a867,True
860884e6-4dfd-439d-b3ba-15d88f23c940,True
d78c7ccb-9f84-466d-9a34-2aa0a1f87748,True
d741176b-569e-4d52-93f6-9c4d6dec005a,True
3d1fc331-adb2-4f91-8b9e-a89f4c18166e,True
c31089c7-5ff4-4733-9c5a-caf5da79e40f,True
45da2489-3d5c-4504-9b94-703812e9fa0a,True
eec11c79-577f-4572-85f5-d5f1b38deba3,True
7fa14f42-cc05-40a6-90f0-1d23ca94594e,True
83944277-0e1c-4ccb-bcd3-a11609ff7661,True
d9b56ea1-9a41-4eb7-aefb-711c45b89864,True
cbe62db8-1c16-47a4-8429-193e01192ec9,True
a23e1c03-5a83-41e1-acce-26661756b976,True
88bdf902-b1d8-4333-b9d6-ab92cac9f049,True
497992af-075e-4796-8edc-c51d8c379a2e,True
097fd5ce-56d9-44c6-ac8f-aed4c23dd5f7,False
5178cd7a-69f7-42b2-b30e-1331bf1c0e5c,True
922e3a67-8e01-47ff-a57d-40e2510b59af,True
3dd4b3bc-dae1-4bd2-b6ce-fa2779224743,True
55418104-48a5-4dcc-b0fd-a41af291b6fb,False
284a714c-24df-4bba-93c8-44aed25dc32e,True
473f4f19-6104-4074-aeee-84dd212b59aa,True
8eff726f-943e-45dc-815f-6f88aae3b270,True
443c0712-ca05-4443-bba9-68ef6e3ca099,True
05185838-b87e-4c3a-b1e8-e78c7e752d36,True
eb73283e-07fb-4a14-a17e-60731fd608db,True
7cb73b21-1843-4333-b90f-cb763ab20faf,True
c9c7eca1-95f8-4c28-9aac-9d7ef6468a6f,True
b1930035-2bb0-407e-af70-0fbc621a8232,True
35310485-0e89-436c-b09c-b377fc8e6443,True
f9781571-0909-4854-b3ac-40cc322e47ec,True
c3ff92b4-01f0-491d-8c45-290f3fea36b8,False
b1999d29-04cd-486e-a006-423479900bc6,True
c49f2fec-9c10-472a-9f92-f55f232fe629,True
2faab669-43b7-436a-b7f3-89924248781d,True
105db19c-8c62-4bb8-bda2-c8469c885234,True
5db74567-5e96-4bc0-a232-8ec89d6216f4,True
30394f72-7993-4917-8acb-a8f031e8d180,True
bcff8c85-6921-49d3-90aa-af9e3f177214,True
ae6e22b3-f1b4-476b-9ffc-5d113409dd12,True
44a861cd-7db7-411d-93f5-df30ed0d33ff,True
3bb7d6e3-dd79-4d1c-b5bd-61812a32c12d,True
bd507877-d618-418d-a812-46f32af6033a,True
5bb84a9c-9da2-4938-ad55-a31e021d8925,False
ea213c43-6701-471f-b190-cc5a1c2448e9,True
f4ec5c33-5d49-4585-a035-0ffebd608d07,True
96c018d7-cbc9-46c5-b8e9-ece8e3e21a3c,True
18f7f6a8-ad3b-4a09-a864-8cb39e2a1088,True
25b801d6-999c-4b2d-b16a-ed06e129e79c,True
9c5a52dc-6979-493b-8580-68b93ed2eee1,True
e62251b6-c24d-4d85-97f9-6f3835b94da9,True
61e5d122-0a92-4f77-a723-44f45b8ea6ca,False
a22312fb-e57e-4e7d-838c-ad7d4e88498f,True
529916ee-ff77-40a7-8f27-7a86313a42b7,True
05b67e1d-ce31-4a5c-a7c1-e705754d6b9c,True
7846439b-e886-43e5-9d44-0a1e44d3af00,True
51d59603-1e73-413f-9b2a-f23a96595f1b,True
0a26f0ab-d8d3-4cb9-8982-d4f61710acac,True
27c68d8d-f0e0-4bab-80b1-a104592a6907,True
33229f37-f2be-49a9-b2a9-93d65b7e2259,True
b597916c-137f-45ad-b7be-e6821e0b83a5,True
2e964956-8c76-4bb8-bb0f-bcf5bb843dcc,True
e713329c-2a8d-409d-b359-23a66366d570,True
ebc4c7b7-1320-4873-beb5-f45dcb1be769,True
507aa1b3-2c6f-4b5d-bbe0-d95ac0995abd,True
c17270db-e9d4-4d73-a0e3-20bbd21a4cdd,True
3141dbcc-ed1e-4723-975c-ad65a351c51e,True
eeea0dab-ed67-435e-b18d-adc6130be08b,True
8d88d79c-5592-433e-bbf9-7b76cf001cbb,True
bf6ffb38-e650-42df-b655-cf652118324d,True
d53c2c0c-c693-45f9-a21d-f591af45934f,True
d1a22f5c-0fdf-4ed5-bc67-42f07751fc65,False
3fe55923-0a72-4342-a1ff-c7a20108687a,True
b2dc3975-964c-4939-bde9-39f4b41ff072,True
ebd4e93b-7fab-443d-a90f-4b2353a5fa58,True
2739a580-a3c0-4639-ae03-48e5c570246a,True
eeb9d22a-952c-4662-a82f-b28140827242,True
5a842afa-182d-4b77-a002-dd4647df365a,True
33a4e491-f3c6-4e3f-bd56-99071c7b8459,True
dcd2e350-2b27-413f-836a-1b9b6b55ec6d,True
7c7c85c2-8d75-4411-ada4-5e99780389f8,True
76c09cc9-ab56-4527-9d47-2e778a4c23e6,True
30252191-efd0-4b6e-9ef7-58822c170fc2,True
abb49a23-9222-4ab7-b0a7-66e9c0a9a39e,True
6d086780-9c5f-4148-8708-4384fda3ce21,True
81b180d7-08f4-4512-9067-5e1a652fa44d,True
55b28489-2df8-42cb-8f2f-bea8cf3bb43f,True
2fdff8fe-c7d4-4d00-8a61-f1b2374326e1,True
60afef52-820f-4e9a-a915-0ee4e428fe22,True
32fe02e2-2680-4994-b425-aed90e91673b,True
062775e9-033a-45c8-bba3-3486be9789c0,True
73f9918d-5c5a-433c-9d3d-852eb46b2200,True
6cf0cb97-c449-4e2c-b03a-c0d283eec0df,False
20c83cd6-fd1e-494c-9c87-389d7c0dc13a,False
09ecd6c9-35d2-4c3e-adff-0bcb71e49406,False
ee337712-3260-4cf3-a812-be85de2d7e70,True
dfd8f2e4-b704-4912-85df-61097215a7b2,True
8073d612-fcff-4007-bc85-0d3bf455bba5,True
20bb9f22-509b-4d1f-8d3a-65c146a78305,True
99f0cf6a-9bd7-451c-b7cd-cc5a4a2e1ccc,True
f0d83fbb-7260-49c5-a2d9-9edcc5d1224a,True
416047cd-ef2a-4f82-a0ca-d3b067f25515,True
993ed9b7-f3cc-42c1-81e1-eb55ff93164a,True
58068eea-afd3-4143-887a-99730a05e961,True
bbb7d0bd-84f1-4168-85e1-30d361e8eafc,True
5918951c-cf46-440a-a4e8-86cf729997ca,True
c0474c87-f05f-4aa9-93d0-cb0a97cb205a,True
407f6739-abe9-40e1-a08c-bb57d206afc2,True
ef21f01a-6c19-4335-9ab8-36a5c0f39916,True
ebe3562b-1ca0-44a6-9511-7501f585648a,True
14122bce-a273-4554-a4ec-4ab189f12cad,True
a6653afc-8c8e-4b71-91a9-1d4c2b8aaf15,True
691b1be4-a56d-4a73-a7ff-4bda1ef96990,True
441c8d54-fc24-42c3-95f9-3007636a5dc6,True
337527e8-eb5e-4d43-89be-0642f03d7b25,True
5c05087f-f5ae-4630-a4e2-e8e037c2cacf,False
8641c447-9ef5-47b1-8b1a-d18afa22210d,True
4746e1bc-ca58-4b47-a595-160283f2fc26,True
3e389130-ad13-4c66-a5ea-bba3820f39a2,True
329c038c-165d-4f8d-b674-1e1becd87d77,True
3149d854-e718-45ba-8027-989a6a15e335,True
84922908-784b-424e-8a99-9370c295cfb0,True
49082dd0-d504-4e99-9bb6-f77723a3bd39,True
98b86086-0f1f-44a7-b1be-12574b54e6b8,True
c2b73ac2-9c08-467e-b350-5cffc6b41eae,True
2f7d4bfa-edb1-45ef-a3e1-75a5b2ceb988,True
2d3102d1-1281-4af4-8518-43924e44408b,True
52eef5cf-3f95-49e9-8ba7-6141358e7b2c,True
b9008e4b-3ebe-4cbc-8af5-6ef6d8aa574b,True
7e71d720-0637-4a8e-8342-da23cca8c172,True
758a28ab-94c9-4ab9-81de-0616f284d046,True
6c93c451-d686-412d-938a-84f9dc21a14d,True
c77bc6e1-08e7-4c4f-93cb-a81130060c5c,True
69c981c6-7c9e-4e5d-8101-da4eb656ea1b,True
6f8416fa-9f7d-4b79-a7e9-f382fe3805fc,True
4f0e0434-63c9-40ec-9ebe-ba46794b2ebf,True
92889017-f598-4374-a56c-49aacd92eebc,True
060021b0-9339-4f75-9162-74bbc1ad19e2,True
1885d0bc-3008-4f5d-bba3-6725203110dc,True
4e53dcd6-5026-4080-9f36-c75ea3fbc715,True
6bbc71b0-2f9e-4e65-a105-5dd8a6120ae3,True
3bc1865f-1ce3-480f-aede-1dc4fad334c7,False
cdfcf130-6efe-4587-b050-d1a3b55c8559,False
5b971d08-098f-4211-b20e-a1632fa37b1a,True
33f4e515-d0bc-4203-b41f-5326f49062cc,True
71be60c0-747f-422e-87eb-67111d65a08f,True
b11d667f-f8f0-4657-b4c8-53cb3c269960,True
03526256-6177-4a3b-9ae0-1680cc2142b2,True
7e08f68f-74ee-4d37-8cc4-77281f3b2dfe,True
5048e312-e85e-4e3d-b2f4-0471fff31b70,True
ca5027eb-719f-4c8f-9f5c-99c5e76c841d,True
5ff333bc-d874-4994-b153-5c89d16d543e,True
0fa685fa-4f63-4706-bc95-b91fc22fb0c1,True
74aeab0a-7130-42cd-8590-f3b49a71f3e3,True
3bcae3c0-7037-4806-96b9-a4dbae16f477,True
c8d198a4-965f-46b2-87ab-636ceb3b607c,True
0e9a48fd-3139-494c-ab74-72ec97edf2bf,True
119ed9d6-9ac0-444d-ba78-aaca9338cdd7,True
9e1265c2-2bcb-493d-a396-d147ac50fcd3,True
7951b22d-54fb-47d1-9aec-a6d778c4f810,False
a456e90c-518f-4ac6-8d26-769b3e3d0b0a,True
5f57ee7a-fe79-49a4-a0c8-f4d272b1d634,False
ea28541f-10fd-49af-9d2b-ca84471708c9,True
d706f640-bdc0-4c3f-98bc-dc4efa7ba05b,False
1557dccd-4fb9-4537-a2c4-75242eec134f,False
93be4ad1-b5e7-4427-8a5c-8148fce1b6a7,True
e7e851b6-3f47-4ecd-92c6-698701d3edbc,True
c56ae74e-d413-442c-a18c-9be8ab946d40,True
00da9744-5858-4518-a43c-d7ec114ee4cf,True
f440b7b8-49be-4b02-acc7-4b2e8198ae23,True
5d2914d6-926a-4f6b-89c5-52878bff1881,True
9725e215-d025-4725-921f-17b299af0ae4,True
2d1e86f2-c302-4d1b-b85d-c59cdcad5e8d,True
063ed773-56e2-4f6d-8c96-f6a6b7366deb,True
c31410af-16b0-41a0-93ac-8908e77b3b96,True
6b7f01a3-d738-452d-b0b6-39d592f0472c,True
b6e37b86-a609-4fa5-a4ba-7a1820edd317,True
7167a81b-d0a2-4b35-a659-31b7022cbcc4,False
5db4d8bc-ebcf-416e-8cb5-86fa21dc5636,True
e7240e9f-f6d2-4815-8561-2537a1851fc4,True
f7bc3130-1bc9-4e95-ac0a-6ef7f67b6968,True
45cd692d-f583-4eff-9c84-b0799758545a,True
7381afca-9bff-4d69-95fc-e118f66e41f9,True
7579e632-54b6-4c94-8786-6557b3ece1b1,True
c3cd869f-916a-4448-bf36-b1708dd3e3d5,True
c68c51fb-28b1-4b82-a308-6c6c2994b5a6,True
f9a630c0-5d1a-495d-aa4a-8c7cfccb7605,True
046ec278-d51a-4911-a716-c96f82210924,True
fecb0562-5981-4436-9c13-79c1a799508f,False
95d54ccc-c4eb-4eb5-93c5-b31a72a91ea9,True
480bab27-795b-4d83-9fd1-dbc7d0bddab7,True
c6de92e4-1027-4534-bf63-1108a4e120ab,False
2dfd2bf8-3e05-48bb-8ea7-3107f9abe549,True
5ca027f5-d598-48ae-9dc5-ccd616bce496,True
04bab833-4eca-4278-b611-c494eff1efd9,True
81f6ce16-759a-46ed-bda3-d7decdcacf64,True
95542c5a-57b9-4c3d-a2b9-fe55ff1c83a6,True
c240ed2e-0286-4b3a-b8bc-f4a709b6439b,True
5346b127-f064-4ebc-9a8c-837d39880287,True
507d66ba-cb60-44b2-b700-c84c9df57dbc,True
a5b1e7c0-6519-4725-b2d8-abe6927ea95a,True
d278896a-1fa0-4112-825b-fd1c238c02d3,False
d8586f2d-1eee-4e94-a54b-06ae8e42dc0b,True
ac958e28-3bfb-4dcf-94a8-f2449eae3319,True
d62f8b59-9e6d-454a-8943-43553fb7e3f7,True
0a8974bc-b713-40d6-905c-ad5ded5b0c50,True
25eef16b-92ac-4240-80b3-083dcf7f59ab,True
9bc2165a-bcc3-4b55-8017-662ca3a11ba7,True
67ae7db3-ec8e-48c5-92da-1eea754c97e6,True
708dc5f8-37d8-4925-b1ae-55d03124dbf0,True
8660fd94-0065-4a7f-a164-c303736fe690,True
7866e3f4-1f20-498f-a978-a8987ee69cab,False
af093ac7-99d7-4ef0-837b-387ad75fad08,True
82d2400c-95fb-4538-a028-1a0182079b74,True
b9cda843-79a3-4779-9cd7-ac8a323e6559,True
79a555b8-4480-4837-8193-5d4ff633e732,True
400a4f67-1d38-4878-8bbe-131e11cfda9a,True
5c1127be-9ec4-43fd-baff-9f475818653e,False
440e046f-1765-4efc-87ff-a24cf0d1e394,True
bca0631d-47ae-47b6-a15d-d7ddbb50df70,True
708b2a47-c5fd-421b-a94b-0932306cee40,True
e14c4ac6-91e1-422f-a616-85edb4becb15,True
2938b284-7247-4605-9134-b6091b76d073,True
52a84bc3-4aaa-4744-b8cd-d8563dca4eb1,True
1b28bd22-20b4-4228-bbba-d483bcbf2c6d,True
81946774-abd2-4724-aea7-40eb966eccdf,True
69eb686e-cb56-47a1-a2a3-69b6cd70b09b,True
f6a2c8eb-496c-4a43-8afc-848a4d21f573,True
ba95c78e-a125-44ef-b011-8fd7f2a0ae02,False
ca5f5dfc-7ef0-4324-a32b-c76c35143e14,True
0dd226f2-7f21-45f3-bf47-52f15b1d357c,True
d0ccc1ea-fb0f-4039-9588-a7faec70f253,True
0ad6ab0d-041a-4f8e-ab2a-dca6f744085e,True
c55dcf1d-adaa-4960-9a84-0753c8ceec09,True
8cccbdb2-9ea9-470a-b693-9afc6a861517,True
2a47b028-84f8-489d-9e82-1b233160b2f3,True
eaef4794-4fcb-4310-b674-4e2fc25736be,True
32b35137-27ef-43d7-9c26-20944bf16d49,True
b0dae904-3264-4bfe-8052-dd1a27b19d3a,True
eaa1388d-6add-41e9-a439-50eee93de1d7,True
f127d098-bbdc-456f-b249-9b12c722ab79,True
18562508-cce3-4cc2-b4f8-01e42d0e16a8,True
a6e1d3bf-10ba-4113-93c1-249fa2429ac0,True
f5fbf65e-5f07-48e3-9e24-5ebc70fdb72c,True
2a158b4f-981a-4b44-980e-5c5e4248ac35,True
4c003fdc-63d0-492c-bc3e-7b5e9bd9c3e0,True
5c0bace5-0add-43e0-979c-47364d69539b,True
409090e4-da46-4b7d-b1b8-549458b4b2ed,True
a52df6a9-abce-4fb0-97f5-fac26c367d51,True
daa89623-7622-42aa-aebc-973f0c606cab,True
9feb637c-33b2-4da7-be41-3ded059799e4,True
6dd39016-fed5-4c17-8450-d509c04404d5,True
fef2f643-4905-4418-ad74-4a88ba05219c,True
f2816311-6850-4251-b9ba-b71f92fef2d6,True
e21fb67d-9a56-4f07-87ec-41aa7fd3c0c0,False
bdf6aacf-a6b0-4ced-b8c8-3932c2f35561,True
c799d75f-49e9-4875-b8bc-6364f8febf31,True
9f5389e8-d63e-48f4-8f12-eab1de9e053a,True
5f8831ef-19de-436e-9632-313cb3e2954a,True
604dc1a0-34e5-4797-be5f-a19450f50bf8,True
58e5eec5-cb76-4bd9-a5d6-3ae9b564e8f8,True
e0f247b1-2070-4e37-889f-13d654a4b7f1,False
81a8ca81-c376-4281-a76d-f4abab08c93f,False
ce78b066-b074-4883-9151-7d41349ad246,True
43d7b6bd-76ff-4e81-ba5a-fa9657b059a9,True
43d04b4a-b768-45b9-b952-35c2f8f366df,True
a384bd72-fed8-4a5b-a505-0c23f010a25b,True
407a4e7b-b062-4a42-bcd3-a2eede807ab3,True
a4c570ad-f38a-4b1a-9850-c337bb8b7023,True
bd084682-b789-4b4c-9335-6030e53a7bc4,True
48bbea78-8766-4636-ac53-0f5bc5e07f2d,False
b4d91651-22c3-4678-a469-034193fabe7a,True
45e56cc6-0ca2-4bf5-983f-977f23e66edb,True
e65eea0d-22cf-4d4c-8b4c-deded7cbb1bd,True
